,title,heart
0,타투,113
1,와탕카,350
2,까뱅,51
3,사랑in,68
4,AA,116
5,도자기,"2,233"
6,펫다이어리,"11,576"
7,체스아일,184
8,구석구석캠페인,92
9,탐구생활2,68
10,식스센스,89
11,트라우마,"6,450"
12,제로,64
13,태왕광개토,127
14,취업의소리,99
15,에피소드메이비,280
16,개편 축하 릴레이 카툰,125
17,향수,"3,106"
18,와탕카2,133
19,반지의제왕,35
20,골방환상곡,"4,846"
21,3단합체김창남,"11,928"
22,N의등대-thecalling,"2,499"
23,내일은 럭키곰스타,"2,820"
24,N의등대-busted,"3,868"
25,N의등대-도망자,"2,713"
26,핑크레이디,"21,050"
27,창위의일루젼,58
28,탐구생활3,"1,237"
29,고향의꽃,"1,502"
30,슈퍼트리오,35
31,N의등대-눈의등대,"7,392"
32,고(故)노무현 前대통령 추모웹툰,974
33,사노라면,35
34,러브판타지페이퍼,"3,847"
35,플루타크 영웅전,186
36,번데기스,15
37,일편단심화,"1,525"
38,카라멜마끼아또,"3,571"
39,번개기동대 2009,25
40,로봇빠찌,30
41,나는 어디에 있는 거니,432
42,우월한 하루,"10,803"
43,새끼손가락,"8,151"
44,두근두근두근거려,"9,094"
45,연,400
46,고(故)길창덕화백 추모웹툰,77
47,펫다이어리2.런,"6,352"
48,색으로 말하다,309
49,악연,"4,614"
50,겨울동화,"1,356"
51,판타스틱 어른백서,20
52,탐구생활4-그대와 함께 하이킹,523
53,몽타주,690
54,"17살, 그 여름날의 기적","2,045"
55,연옥님이 보고계셔,"1,236"
56,스마일브러시,"2,032"
57,구름의 노래,"5,357"
58,낢에게와요,400
59,패밀리맨,"2,205"
60,싸우자귀신아,"26,822"
61,심장이뛰다,"1,634"
62,소설가J,"3,683"
63,피터팬날다,28
64,공부하기 좋은 날,"12,933"
65,의령수,135
66,증거,76
67,거상 김만덕,234
68,심부름센터 K,"1,710"
69,동경소녀,512
70,열아홉스물하나,"18,045"
71,안나라수마나라,"27,148"
72,미호이야기,"10,475"
73,키스우드,"7,426"
74,입시명문사립 정글고등학교,"27,659"
75,열쇠줍는아이,"1,623"
76,보톡스,635
77,그린스마일,"1,448"
78,힘내요 일본!-[릴레이웹툰],225
79,핑크레이디 클래식,"9,454"
80,혜성같은 소년,614
81,흐드러지다,"2,156"
82,리턴,"1,040"
83,징글정글,462
84,견우와 직녀,"17,643"
85,바이올린처럼.,"2,309"
86,묵회,"1,627"
87,은하연인전,"3,734"
88,테제,"3,920"
89,프로젝트 X,"3,244"
90,"스마일 브러시, 오래된 사진.","1,477"
91,스토커,"9,558"
92,불량 뱀파이어,268
93,멜로홀릭,"3,989"
94,굿모닝 스페이스,"4,493"
95,잉잉잉,"2,665"
96,2011 미스테리 단편,"20,353"
97,단편 할머니/나는내일죽는다,65
98,어서오세요.305호에,"27,791"
99,단군할배요,"1,440"
100,다욤이의 다이어트 다이어리,"4,083"
101,레드초콜릿,"4,136"
102,남기한엘리트만들기,"28,952"
103,[드라마원작] 지금 우리 학교는,"27,535"
104,세개의시간,"5,199"
105,우연일까?,"4,239"
106,2011 루키 단편선,"3,427"
107,수사9단,"8,870"
108,지원,"3,848"
109,야! 오이,"3,250"
110,폭풍의 전학생,"15,520"
111,만화사랑 캠페인,20
112,지상 최악의 소년,"6,345"
113,LOST,"4,144"
114,요리대마왕,"1,648"
115,콘스탄쯔 이야기,"5,727"
116,봄이여 오라,"4,539"
117,얼룩말,"6,036"
118,나란의사 그런의사,"1,215"
119,뜨거운 것이 좋아.,"4,035"
120,연애세포,"4,368"
121,그런지,"1,864"
122,부토,"3,490"
123,커피우유신화,"6,368"
124,고시생툰,"7,870"
125,멍순이,"1,064"
126,키드갱,100
127,폭풍의 전학생 - 리부트,"4,814"
128,별의 유언,"10,578"
129,국가의 탄생,837
130,슈퍼트리오 시즌2,33
131,질풍기획 시즌1,"12,555"
132,MODERN BOYS,"1,874"
133,자율공상축구탐구만화,259
134,실질객관동화,"14,173"
135,초록인간,"2,367"
136,한섬세대,"1,175"
137,리버스,"3,854"
138,아스란영웅전,"13,922"
139,연 시즌2,"2,891"
140,비바 산티아고,921
141,2012 지구가 멸망한다면?,"9,463"
142,악당의 사연,"4,169"
143,크레이지 커피 캣,"2,616"
144,아부쟁이,"6,666"
145,방울토마토,"20,662"
146,옆집화랑,"4,828"
147,진진돌이 에볼루션,"3,518"
148,네이버 앱피소드,"12,011"
149,오란씨100,"1,628"
150,2012 루키 단편선,"5,530"
151,S라인,"6,177"
152,삼봉이발소,"10,734"
153,한 살이라도 어릴 때,"17,774"
154,웨스트우드 비브라토,"4,256"
155,MLB카툰,235
156,후유증,"11,192"
157,이말년씨리즈,"26,986"
158,스쿨홀릭,"9,806"
159,스마트폰 게임 개발 이야기,"1,720"
160,길에서 만나다,"3,898"
161,고삼이 집나갔다,"13,522"
162,꽃밭에솔,"10,100"
163,스펙트럼 분석기,"14,475"
164,경운기를 탄 왕자님,"4,092"
165,달콤한 인생,"25,594"
166,무한동력,"6,451"
167,비흔,"24,905"
168,일상날개짓,"15,953"
169,그린보이,"27,957"
170,닭통령 계양반,"7,556"
171,오늘의 낭만부,"9,588"
172,패션왕,"44,957"
173,아는사람 이야기,"35,130"
174,인형의 기사,"3,834"
175,개판,"8,569"
176,기타맨,"5,816"
177,사랑을 연기하다,"2,059"
178,우주전함 몰라몰라,886
179,사랑일까?,"3,172"
180,소년전[Limit],"5,953"
181,나의 목소리를 들어라,"2,851"
182,새벽9시,"1,883"
183,카오스어택,"13,608"
184,삵의 발톱,"1,116"
185,레사 시즌1,"31,292"
186,타임인조선,"25,647"
187,진진돌이 제로,"3,159"
188,레인보우 로즈,"1,542"
189,사랑의 아쿠아리움,"7,785"
190,바람의 색,"4,157"
191,2013 전설의고향,"24,974"
192,위아더 능력자!,"9,660"
193,아빠를 찾습니다,"12,615"
194,움비처럼,"4,150"
195,수업시간그녀,"12,719"
196,기태류,"5,705"
197,아이들의 권 선생님,"34,456"
198,월남특급,"2,710"
199,네로의 실험실,"7,120"
200,맛집남녀,"3,534"
201,"OH, MY GOD!","11,477"
202,미숙한 친구는 G구인,"6,303"
203,방과 후 전쟁활동,"16,687"
204,아랫집 시누이,"29,191"
205,내일은 웹툰,"2,947"
206,ENT.,"11,674"
207,기사도,"4,478"
208,오렌지 마말레이드,"34,858"
209,터치! 메리크리스마스,"4,007"
210,키드갱 시즌2,"3,549"
211,라이징패스트볼,"10,546"
212,2013 루키 단편선,"4,492"
213,소나기야,"4,518"
214,그날의 생존자들,"9,446"
215,좀비를 위한 나라는 없다,"8,928"
216,한줌물망초,"19,873"
217,악플게임,"23,785"
218,국립자유경제 고등학교 세실고,"17,713"
219,빵점동맹,"12,649"
220,닥터 프로스트 시즌 1~2,"31,410"
221,모던패밀리,"20,288"
222,한국만화거장전,"4,289"
223,그녀는 흡!혈귀,"25,097"
224,새와 같이,"15,227"
225,판타지스케치 - 더 게임,"9,162"
226,네가 없는 세상,"43,407"
227,코끼리를 끌어안는 방법,"16,677"
228,우리의 이상한 여행,"19,010"
229,실질객관영화,"26,525"
230,죄의 파편,"25,592"
231,와라! 편의점,"56,992"
232,너와 너 사이,"30,940"
233,아이들은 즐겁다,"39,005"
234,열무가 익어간다,"17,032"
235,기적! 우리에게 일어난 일들,"15,745"
236,피리부는 남자,"16,577"
237,투엔티스,"61,052"
238,드래곤레시피,"42,930"
239,은주의 방,"51,773"
240,섀도우,"31,138"
241,강시대소동,"36,323"
242,헬로 미스터 테디,"34,053"
243,어른스러운 철구,"35,870"
244,레드카펫,"32,150"
245,사랑의 외계인,"16,486"
246,역전! 야매요리,"99,999+"
247,킥,"25,310"
248,시타를 위하여,"70,328"
249,"2014 네이버 웹툰, 왓 이프?","74,159"
250,버프소녀 오오라,"47,247"
251,꽃가족,"93,678"
252,소년들은 무엇을 하고 있을까,"99,999+"
253,2014 루키 단편선,"11,304"
254,미쳐 날뛰는 생활툰,"27,991"
255,운빨로맨스,"59,217"
256,아프니까 병원이다,"39,541"
257,출격! 반보트,"16,579"
258,SM 플레이어,"89,846"
259,리즌,"24,113"
260,미결,"22,819"
261,싸귀2 : 퇴마록,"74,069"
262,뱀파이어,"43,885"
263,미선 임파서블,"43,690"
264,빙의,"45,943"
265,모두에게 완자가,"69,033"
266,2015 우주특집 단편,"30,654"
267,퇴마전쟁,"47,819"
268,사이드킥,"75,907"
269,혈액형에 관한 간단한 고찰,"71,263"
270,파라다이스,"17,899"
271,송곳 1~3부,"89,079"
272,오늘 밤은 어둠이 무서워요,"99,999+"
273,스튜디오 짭쪼롬,"96,120"
274,격투기특성화사립고교 극지고,"80,247"
275,알게뭐야,"99,999+"
276,MY OH,"33,496"
277,여탕보고서,"99,999+"
278,영수의 봄,"45,923"
279,붉은 실,"99,999+"
280,올해의 벚꽃도 함께,"30,003"
281,문아,"54,686"
282,낢 부럽지 않은 신혼여행기,"43,847"
283,헬퍼,"99,999+"
284,제페토,"38,839"
285,일사부재리,"14,630"
286,버퍼링,"24,321"
287,질풍기획 시즌2,"60,945"
288,딥(DEEP),"50,552"
289,플로우,"99,999+"
290,언더프린,"79,921"
291,한국만화거장전 : 순정만화특집,"15,866"
292,빨간책,"87,510"
293,재앙은 미묘하게,"76,346"
294,차차차,"34,706"
295,불만시대,"55,385"
296,버닝헬,"36,323"
297,지새는 달,"27,742"
298,노네임드(NoNameD),"55,772"
299,프린스의 왕자,"99,999+"
300,웃지 않는 개그반 시즌1~2,"99,999+"
301,조석축구만화,"28,324"
302,언더클래스 히어로,"47,272"
303,모태솔로수용소,"99,999+"
304,우리 헤어졌어요,"99,999+"
305,낚시신공,"99,999+"
306,저승에서 만난 사람들,"88,870"
307,신령,"99,999+"
308,Ho!,"99,999+"
309,일등당첨,"99,999+"
310,두근거려요,"90,224"
311,2015 소름,"99,999+"
312,남과 여,"99,999+"
313,심연의 하늘 시즌 1~3,"99,999+"
314,크레이터,"56,531"
315,시큼새큼,"99,999+"
316,바람이 머무는 난,"61,377"
317,안 돼요 마왕님!,"77,391"
318,공주는 잠 못 이루고,"71,807"
319,장미아파트 공경비,"62,393"
320,"아이소포스 1, 2부","48,651"
321,데드데이즈(DEAD DAYS),"99,999+"
322,라크리모사,"41,869"
323,고고고,"71,364"
324,리얼주주,"47,549"
325,미래소녀,"65,951"
326,늘 푸른 찻집,"99,999+"
327,나는 너를 보았다,"40,891"
328,스페이스 차이나드레스,"41,979"
329,2015 루키 단편선,"51,166"
330,천국의 신화,"48,170"
331,사또(Satto),"21,610"
332,오민혁 단편선,"59,788"
333,아이덴티티,"63,978"
334,2015 사이,"99,999+"
335,마녀사냥,"99,999+"
336,철벽! 연애 시뮬레이션,"99,999+"
337,어빌리티,"29,444"
338,하이브 1~2,"99,999+"
339,오빠 왔다,"99,999+"
340,천적,"35,465"
341,화이트멜로우,"41,560"
342,후유증 2,"60,712"
343,2호선 세입자,"64,941"
344,손의 흔적,"99,999+"
345,삼국전투기,"27,104"
346,동네변호사 조들호 시즌1,"64,261"
347,오성X한음,"26,493"
348,샌프란시스코 화랑관,"81,019"
349,엄마와 딸 x2,"99,999+"
350,스페이스 킹,"34,123"
351,마야고,"77,268"
352,국립자유경제고등학교 세실고 2학기,"67,297"
353,소울카르텔,"99,999+"
354,프린스의 왕자 - 카페 드 쇼콜라 -,"48,162"
355,2016 학교 다녀오겠습니다,"70,130"
356,레드돌,"40,901"
357,후레자식,"99,999+"
358,전설의 레전드,"99,999+"
359,우렁집사,"55,904"
360,적생,"77,687"
361,소곤소곤,"95,301"
362,해피,"23,908"
363,모던패밀리 2,"65,652"
364,뱀피르,"37,788"
365,놓정동화,"99,999+"
366,아이돌 연구소,"70,395"
367,판다독,"99,999+"
368,중립디자인구역,"70,942"
369,놓지마 정신줄,"99,999+"
370,밥풀때기,"49,843"
371,상중하,"99,999+"
372,이말년 서유기,"99,999+"
373,독신으로 살겠다,"95,979"
374,천년구미호,"99,999+"
375,2016 비명,"99,999+"
376,첩보의 별,"59,470"
377,3인칭,"53,755"
378,크리퍼스큘,"99,999+"
379,죽은 마법사의 도시,"99,999+"
380,아일랜드 1부,"95,815"
381,귀도,"99,999+"
382,소녀더와일즈,"99,999+"
383,폰령,"57,157"
384,3P,"50,829"
385,만렙소녀 오오라,"65,297"
386,레코닝,"85,830"
387,한국만화거장전 : 만화보물섬,"24,624"
388,매지컬 고삼즈,"90,371"
389,심연의 하늘 시즌4,"59,921"
390,우바우,"93,060"
391,악의는 없다,"99,999+"
392,2016 루키 단편선,"42,556"
393,스퍼맨 시즌1,"99,999+"
394,하나(HANA),"95,642"
395,대작,"63,114"
396,윈터우즈,"99,999+"
397,인챈트-나람이야기,"61,889"
398,숲 속의 미마,"99,999+"
399,MZ,"81,395"
400,원 뿔러스 원,"99,999+"
401,찌질의 역사,"99,999+"
402,투명한 동거,"99,999+"
403,2017 사이다를 부탁해!,"99,999+"
404,참치와 돌고래,"99,999+"
405,언터처블,"99,999+"
406,바로잡는 순애보,"88,003"
407,블랙수트,"81,175"
408,컨트롤제트,"99,999+"
409,"이기자, 그린","80,365"
410,오즈랜드,"99,999+"
411,원티드,"73,989"
412,완벽한 허니문,"99,999+"
413,부부생활,"99,999+"
414,여중생A,"99,999+"
415,미라클! 용사님,"93,522"
416,나는 귀머거리다,"99,999+"
417,잡다한컷,"99,999+"
418,열일곱,"55,894"
419,녹두전,"99,999+"
420,절벽귀,"58,627"
421,오늘도 형제는 평화롭다,"99,999+"
422,달수 이야기,"99,999+"
423,낮에 뜨는 달,"99,999+"
424,송곳 4~5부,"51,826"
425,생활의참견,"99,999+"
426,이런 영웅은 싫어,"99,999+"
427,웃지 않는 개그반 시즌3,"99,999+"
428,문유,"99,999+"
429,군인RPG,"68,681"
430,당신만 몰라!,"99,999+"
431,2017 멋진 신세계,"48,944"
432,차원이 다른 만화,"99,999+"
433,킬러 김빵빵,"43,352"
434,야부리맨,"99,999+"
435,공감.jpg,"99,999+"
436,천국의 신화 6부,"40,131"
437,달콤한 인생_스페셜 에피소드,"40,751"
438,데모니악,"99,999+"
439,파도의 주인,"96,459"
440,DEY 호러채널,"99,999+"
441,오늘도 핸드메이드!,"99,999+"
442,오늘부터 주군,"99,999+"
443,동네변호사 조들호 시즌2,"57,741"
444,[드라마원작] 내 ID는 강남미인!,"99,999+"
445,목욕의 신,"99,999+"
446,조선좀비실록,"99,999+"
447,구름의 이동속도,"99,999+"
448,슈퍼 시크릿,"99,999+"
449,인간의 숲,"99,999+"
450,심심한 마왕,"99,999+"
451,아일랜드 2부,"88,930"
452,MZ-퓨어 이블,"64,740"
453,돌아온 럭키짱,"99,999+"
454,마술사,"99,999+"
455,선천적 얼간이들,"99,999+"
456,그들에게 사면초가,"99,999+"
457,계룡선녀전,"99,999+"
458,[드라마원작] 한번 더 해요,"99,999+"
459,갸오오와 사랑꾼들,"99,999+"
460,이별만화 완성도,"79,101"
461,탈(TAL),"99,999+"
462,기로,"48,409"
463,오!주예수여,"99,999+"
464,미스터리 호러 지하철,"59,510"
465,우리집에 곰이 이사왔다,"99,999+"
466,첩보의 별 시즌2,"59,408"
467,한국만화 1990,"14,635"
468,Penguin loves Mev,"99,999+"
469,10월 28일,"99,999+"
470,마스크걸,"99,999+"
471,여중생A-우리들의 축제,"48,990"
472,금수저,"99,999+"
473,뱀이 앉은 자리,"99,999+"
474,팀 피닉스,"80,039"
475,[드라마원작] 쌉니다 천리마마트,"99,999+"
476,심연의 하늘 시즌5,"74,060"
477,아기낳는만화,"99,999+"
478,내 ID는 강남미인! - 둘만의 시간,"99,999+"
479,공대생 너무만화,"99,999+"
480,연애학,"94,522"
481,지금 이 순간 마법처럼,"99,999+"
482,감염자,"99,999+"
483,환생동물학교,"99,999+"
484,하루 3컷,"99,999+"
485,퍼스트 미션,"99,999+"
486,이말년씨리즈 2018,"78,777"
487,스피릿 핑거스,"99,999+"
488,죽음에 관하여,"99,999+"
489,야채호빵의 봄방학,"99,999+"
490,진눈깨비 소년,"78,656"
491,에피소드칵테일,"99,999+"
492,서북의 저승사자,"99,999+"
493,피에는 피,"92,866"
494,1인용 기분,"99,999+"
495,간질간질,"61,351"
496,만 화 고,"29,583"
497,마이너스의 손,"99,999+"
498,연의 편지,"99,999+"
499,일진에게 회초리,"99,999+"
500,파우스트 인 러브,"76,595"
501,조선왕조실톡,"99,999+"
502,하이브 3,"99,999+"
503,2018 루키 단편선,"55,538"
504,불괴,"26,960"
505,나의 짝사랑 고백법,"91,584"
506,반투명인간,"42,758"
507,나노리스트,"99,999+"
508,완벽하지 않은 키스,"83,290"
509,펀브로커,"42,464"
510,열대어,"64,570"
511,노블레스,"99,999+"
512,신과함께,"99,999+"
513,엔드리스,"57,457"
514,2D남친 별책부록,"99,999+"
515,환상적인 소년,"89,934"
516,황금의 핸드메이커,"46,251"
517,혈투,"39,855"
518,병의 맛,"99,999+"
519,암흑도시,"59,025"
520,아메리카노 엑소더스,"99,999+"
521,와장창창! 자취맨,"54,924"
522,방백남녀,"99,999+"
523,귀각시,"99,999+"
524,홍차리브레,"84,598"
525,2019 병영일기,"52,649"
526,이상하고 아름다운,"99,999+"
527,비둘기가 물고 온 남자,"35,377"
528,강변살다,"99,999+"
529,찬란하지 않아도 괜찮아,"99,999+"
530,35cm,"99,999+"
531,대학일기,"99,999+"
532,에이틴,"76,543"
533,캉타우,"75,716"
534,화양연화 Pt.0 ＜SAVE ME＞,"99,999+"
535,수학 잘하는 법,"43,320"
536,구구까까,"99,999+"
537,사라지다,"28,502"
538,파도를 찾아라!,"99,999+"
539,결계녀,"99,999+"
540,오늘도 사랑스럽개,"99,999+"
541,꼬리,"61,020"
542,나는 남 너는 녀,"81,933"
543,알파,"21,200"
544,놓지마 정신줄 시즌2,"99,999+"
545,공복의 저녁식사,"99,999+"
546,파리의 우리동네,"35,006"
547,왕으로 살다,"42,663"
548,조의 영역,"99,999+"
549,미시령,"99,999+"
550,고교생을 환불해 주세요,"99,999+"
551,한국만화 또 다른 시선,"16,716"
552,데우스 엑스 마키나,"46,627"
553,오직 나의 주인님,"99,999+"
554,[드라마원작] 알고있지만,"99,999+"
555,언원티드,"99,999+"
556,클로즈업,"42,514"
557,하나의 하루,"99,999+"
558,창궐,"47,327"
559,밥 먹고 갈래요?,"99,999+"
560,귀도호가록,"99,999+"
561,하늘쌤은 피곤해,"36,164"
562,허니버니,"96,924"
563,몽연,"54,067"
564,연애의 정령,"99,999+"
565,12차원 소년들,"44,883"
566,허니허니 웨딩,"99,999+"
567,둥굴레차!,"99,999+"
568,소유,"99,999+"
569,타인지옥 - 연쇄살묘사건,"73,448"
570,여기가 씨름부입니까?,"41,790"
571,2019 귀신사용설명서 - 괴담의 재구성,"50,057"
572,식스틴,"80,230"
573,신암행어사,"99,999+"
574,천리마 네버다이,"15,030"
575,좋아하는 부분,"99,999+"
576,호러와 로맨스,"99,999+"
577,메이크 업 드림 - Make Up Dream,"18,377"
578,"안녕, 대학생","87,322"
579,성공한 덕후,"99,999+"
580,신시의 손님,"36,605"
581,썸머 브리즈,"99,999+"
582,한남동 케이하우스,"99,999+"
583,푸들과 Dog거중,"87,015"
584,돼지만화,"32,968"
585,숨:킬더바디,"25,898"
586,위장불륜 (僞裝不倫),"66,248"
587,수능일기,"99,999+"
588,그랜드 배틀 토너먼트,"22,016"
589,츄억보정,"19,488"
590,타인은 지옥이다,"99,999+"
591,늑대와 빨간모자,"99,999+"
592,2019 루키 단편선,"72,136"
593,킬러분식,"62,295"
594,살인자o난감,"63,755"
595,퓨리스틱,"13,537"
596,[드라마원작] 치즈인더트랩,"99,999+"
597,MZ-레이징 인페르노,"50,567"
598,냥하무인,"69,323"
599,신석기녀,"99,999+"
600,부활남,"99,999+"
601,덴마,"99,999+"
602,개장수,"99,999+"
603,백귀야행지,"78,881"
604,부로콜리왕자,"99,999+"
605,머니게임,"99,999+"
606,꿀벌과 아카시아,"59,869"
607,옆반의 인어,"99,999+"
608,5kg을 위하여,"99,999+"
609,라스트 서브미션,"67,796"
610,금요일 베스트,"99,999+"
611,헬프탑,"44,188"
612,귀인,"47,728"
613,내 여자친구는 상남자,"99,999+"
614,가령의 정체불명 이야기,"38,393"
615,Doll 체인지,"99,999+"
616,플랫다이어리,"67,582"
617,참새는 새!신부,"99,999+"
618,내 어린고양이와 늙은개,"87,046"
619,용비불패 완전판,"99,999+"
620,소녀 연대기,"88,379"
621,우리 오빠는 아이돌,"99,999+"
622,마왕이 되는 중2야,"99,999+"
623,로베스의 완전감각,"45,824"
624,용이산다,"99,999+"
625,아르마,"69,698"
626,꽃미남 저승사자,"99,999+"
627,동토의 여명,"99,999+"
628,다함께 이겨내요,"31,019"
629,어서와,"7,411"
630,모퉁이 뜨개방,"91,298"
631,"열렬하게, 단하나","20,981"
632,또한번 엔딩,"61,403"
633,씬커,"54,568"
634,점핑오버,"99,999+"
635,수평선,"5,197"
636,스퍼맨 시즌2,"5,274"
637,구원자,"28,799"
638,신을 죽이는 방법,"99,999+"
639,쎈놈,"3,235"
640,2인용 인간,"99,999+"
641,스퍼맨3: 현자단의 역습,"85,262"
642,블러드레인,"1,496"
643,블랙엔젤,"53,748"
644,아이키우는만화,"48,965"
645,자취로운 생활,"88,873"
646,두근두근 마감 중,"57,222"
647,타인의 로맨스,"54,286"
648,대표님이 구독하셨습니다,"70,723"
649,호랭총각,"79,809"
650,호곡,"34,768"
651,같은도장,"99,999+"
652,테러맨,"99,999+"
653,창공의 타이양사무소,"1,858"
654,냄새를 보는 소녀,"6,985"
655,악마에게 은총을,"1,300"
656,견원지간 로맨스,541
657,텍사스홀덤,"4,604"
658,언럭키 맨션,"15,084"
659,금붕어,"99,959"
660,악취,"99,999+"
661,루시퍼의 경호원,"36,007"
662,고인의 명복,"99,999+"
663,플라워(FLOWAR),"3,723"
664,영월동 534번지,468
665,한스와 에밀리,956
666,Yes my boss(예스마이보스),"6,837"
667,태릉좀비촌,779
668,토니와 함께,"1,557"
669,돼지우리,"99,999+"
670,203호 저승사자,"99,999+"
671,갓!김치,"14,350"
672,첫사랑입니다만,"99,999+"
673,푸른사막 아아루,"94,598"
674,데이빗,"47,784"
675,방정사,"2,098"
676,환생소녀,623
677,좀비소녀,"1,363"
678,신의한수,"2,014"
679,오빠야 누나야,"10,130"
680,조선방랑야사,"1,571"
681,[드라마원작] 스위트홈,"99,999+"
682,사소한 냐냐,"46,931"
683,열정호구,"99,999+"
684,오라존미,"73,571"
685,여고전설,"22,108"
686,호러전파상,"63,427"
687,검은인간,"99,999+"
688,뚝배기 깨러 왔습니다,219
689,102030,"1,643"
690,살의,329
691,진정친구,"1,014"
692,우리 안의 주,223
693,빙탕후루,"99,999+"
694,밀웜,"24,640"
695,방 안의 코끼리,"62,697"
696,이제 곧 죽습니다,"99,999+"
697,마음의 숙제,"95,081"
698,속삭이는 e로맨스,"47,040"
699,에이머,"99,999+"
700,그래서 나는 안티팬과 결혼했다,"99,999+"
701,레이디악숀,162
702,"안녕, 나는 너를 좋아해",525
703,시노딕,"32,534"
704,하르모니아,"99,999+"
705,귀전구담,"99,999+"
706,마음의소리,"99,999+"
707,어쩐지 수상하더라,"35,793"
708,머리카락을 뽑으면,"89,978"
709,닭강정,"99,999+"
710,김왕짱,"3,186"
711,개미잡이,570
712,킬링타임,"82,736"
713,하루,"24,344"
714,유령극단,"60,945"
715,요괴대전,"42,069"
716,체인지,"4,871"
717,너에게 하고 싶은 말,"1,871"
718,좋아하게 해줘,"1,459"
719,귀신이지만 사랑하고 싶어,"41,512"
720,낢이 사는 이야기,478
721,니편내편,"99,999+"
722,이모네 집에 갔는데 이모는 없고,"2,944"
723,로딩,350
724,특수 영능력 수사반,"83,826"
725,파리대왕,282
726,영광의 교실,"1,955"
727,피와 살,"75,305"
728,텃밭부 사건일지,"57,406"
729,갓도령스,"49,306"
730,[드라마원작] 모범택시,"2,117"
731,세대전쟁,534
732,호야,542
733,어글리 피플즈,"43,974"
734,법대로 사랑하라,"19,757"
735,우주최강대스타,"76,355"
736,꽃 피는 날,"99,999+"
737,문래빗,"99,999+"
738,POGO 공포단편선 - 혼집,"35,729"
739,천사가 아니야,"46,171"
740,11me,"23,554"
741,친애하는 X,"99,999+"
742,만찢남녀,"61,035"
743,공포단편선X,"1,818"
744,보글보글,"3,318"
745,데빌카운터,158
746,빨강,992
747,[드라마원작] 지옥,"26,078"
748,야자괴담,"80,564"
749,열등의 조건,"32,065"
750,2020 최애캐의 MBTI,"99,999+"
751,닥터 하운드,"99,999+"
752,위대한 방옥숙,"75,388"
753,가족의 초상,222
754,비스트사인,311
755,패밀리 사이즈,"99,999+"
756,오버더문,"48,350"
757,헬로도사,"33,867"
758,떨림,983
759,갑자기 커피,"13,061"
760,어쩔꼰대,"33,393"
761,가타부타타,"99,999+"
762,개미,"20,277"
763,거미,"20,304"
764,데드라이프,"99,999+"
765,웅이는 배고파,"88,988"
766,8월의 눈보라,"96,441"
767,교환일기,"99,999+"
768,형의 그녀,229
769,가난을 등에 업은 소녀,344
770,나랑 살래?,86
771,오컬트,85
772,그녀의 버킷리스트,"66,053"
773,운수 오진 날,"56,732"
774,노력의 결과,"46,473"
775,선녀님은 휴가중,56
776,미스터 해녀,32
777,그녀는 무사다,58
778,세상과 하늘 사이,20
779,사우러스,"51,969"
780,링크보이,"99,999+"
781,반중력소녀,150
782,헌팅,50
783,물고기가 보이는 남자,153
784,회춘,"99,999+"
785,이웃집의 훈훈한 스토커군,30
786,2020 호랑 공포 단편선,"33,802"
787,현혹,"93,066"
788,[드라마원작] 유미의 세포들,"99,999+"
789,유비님께 투자하겠어,13
790,물레,"15,273"
791,사이드킥 2~3,"99,999+"
792,땅 보고 걷는 아이,"99,999+"
793,악마와 계약연애,"99,999+"
794,화장 지워주는 남자,"99,999+"
795,언데드,"99,999+"
796,괴물신부,"97,048"
797,하늘아래 우체부,40
798,라라파루자,29
799,레사 시즌2~3,"99,999+"
800,무모협지,"31,989"
801,꼬맹이를 부탁해!,"50,286"
802,에리타,"20,537"
803,인싸라이프,"84,868"
804,잭슨의 관,205
805,봉이 김선달,34
806,일진이 사나워,"99,999+"
807,인생존망,"99,999+"
808,연하의 맛,375
809,커넥트,"58,054"
810,선녀야 야옹해봐!,"31,208"
811,극야,"97,313"
812,죽어도 로맨스,35
813,갓물주,"99,999+"
814,나의 첫번째 새벽,"36,922"
815,열불 로맨스,"99,999+"
816,우리 사장님은 개,75
817,차가운 장례식,41
818,헬 인 파라다이스,19
819,나의 우주,"99,999+"
820,스크립토리움,"10,717"
821,옆집친구,"99,999+"
822,사냥개들,"50,686"
823,차라리 만나지 않았더라면,12
824,이별의 품격,45
825,체크포인트,"99,999+"
826,날 가져요,"99,999+"
827,깁스맨,"25,303"
828,병의 기록,"47,232"
829,무주의 맹시,"99,999+"
830,너에게 나를 던진다,15
831,우리는 여기!,186
832,4층복도끝천국,17
833,우리는 요정!,"14,588"
834,비질란테,"99,999+"
835,이것도 친구라고,"99,999+"
836,너에게만 보이는,"95,481"
837,아이고 아이고,"21,679"
838,미스테리오소,80
839,남다른 신부름,80
840,비스타,"14,198"
841,FM보이,"44,398"
842,9등급 뒤집기,"30,912"
843,후기,"69,009"
844,신의 언어,"99,999+"
845,지랄발광,32
846,관계의 종말,"81,126"
847,블루투스,"9,862"
848,그날 죽은 나는,"70,343"
849,[드라마원작] 간 떨어지는 동거,"99,999+"
850,손아귀,"29,294"
851,지구멸망버튼,"33,843"
852,저세상 클라스!,"62,210"
853,오늘도 사랑하세요,"79,562"
854,Here U Are,"99,999+"
855,악령주의보,"7,184"
856,셧업앤댄스,"61,114"
857,얌전한 사이,"46,752"
858,공방의 마녀,32
859,그놈은 흑염룡,"63,944"
860,신상 미스터리 극장,"46,808"
861,냐한남자,"99,999+"
862,틴맘,"63,201"
863,불발소년,"14,734"
864,안녕 나의 모모로,"16,798"
865,캡틴 비앙카,10
866,리안소울의 엑소클럽,30
867,삶이 우리를 속일지라도,"99,999+"
868,하루달콤 하루쌉싸름,104
869,한강예찬,"32,979"
870,소심한 팔레트,"99,999+"
871,정순애 식당,"75,743"
872,피노키오 소녀,"16,769"
873,여기 악마가 있어,"21,300"
874,서브 콤플렉스,"99,999+"
875,달달한 그녀,38
876,장단에 맞춰줘!,"46,290"
877,커피도둑,"55,256"
878,아테나 컴플렉스,"99,999+"
879,도망자,"99,999+"
880,도플갱어의 게임,"54,965"
881,평화선도부,525
882,오일머니,"35,720"
883,스윗솔티,"74,370"
884,여름은 뜨겁다,"25,056"
885,스트러글,691
886,두근두근 네가 좋아서,"45,261"
887,사장님을 잠금해제,"58,895"
888,상연,11
889,용련,13
890,스테어스,"19,449"
891,정보전사 202,"17,559"
892,"꿀잠, 재워주세요!",11
893,고수,"99,999+"
894,도롱이,"37,344"
895,인어를 위한 수영교실,"99,999+"
896,그 해 여름,72
897,혼신,49
898,필살VS로맨스,"35,121"
899,전자오락수호대,"99,999+"
900,민간인 통제구역,"50,920"
901,꼬리 있는 연애,"37,317"
902,바이러스X,"12,967"
903,미스테리 게임,22
904,유니버스 000,14
905,뱀파이어의 꽃,"61,819"
906,인간의 온도,"19,540"
907,피플,"71,119"
908,지금은 삽질 중,42
909,알바걸과 워킹맨,18
910,별종,"19,566"
911,인터셉트,"37,164"
912,감히,"23,667"
913,하슬라,"33,529"
914,줄라이 블루,7
915,"소년, 남자의 이름으로",6
916,셈하는 사이,"79,202"
917,죽여주는 탐정님,"15,470"
918,흥부놀부전,10
919,늑대가 되는 법,14
920,당신의 과녁,"82,896"
921,금혼령-조선혼인금지령,"99,999+"
922,불티,6
923,제7원,7
924,DEY 호러채널(일반판),27
925,도를 아십니까,"19,555"
926,스몰,"18,177"
927,격기3반,"99,999+"
928,당신의 향수,"63,454"
929,살人스타그램,"99,999+"
930,복학생 정순이,"87,092"
931,토끼대왕,"33,801"
932,아내를 죽였다,10
933,오늘또오늘,5
934,도리내리,18
935,대디고라운드,3
936,로맨스는 살벌하게,9
937,맘마미안,"99,999+"
938,마도,"21,313"
939,연주동 일가족 살인사건,14
940,의도적 외면,4
941,말하는대로,"1,108"
942,노선도,"11,884"
943,각자의 디데이,"99,999+"
944,더 트웰브,"28,993"
945,불릿 6미리,"23,590"
946,고래별,"99,999+"
947,갓핑크,"99,999+"
948,누군가의 로섬,"30,608"
949,어른의 계절,"16,393"
950,라일락 200%,"70,212"
951,침범,"16,549"
952,브랜든,550
953,마물전담부대,24
954,빛빛빛,"22,703"
955,복학왕,"99,999+"
956,난약,"99,999+"
957,행성인간,"61,035"
958,다이스(DICE),"99,999+"
959,탐의 굴,7
960,바른연애 길잡이,"99,999+"
961,동트는 로맨스,"99,999+"
962,너와 나의 눈높이,43
963,무의식의 숲,17
964,착하게 살자 시즌1~2,13
965,미드나잇 체이서,"66,098"
966,언플래시레슨,214
967,두번째 생일,"99,999+"
968,두근두근 연극부,"1,490"
969,나의 스마트보이,10
970,위치헌트 (Witch Hunt),6
971,바른탕진 프로젝트,498
972,구독금지,"65,551"
973,이세계 세입자들,4
974,이츠마인,"99,999+"
975,성경의 역사,"29,351"
976,친구의 비밀계정,960
977,국왕과 성기사의 약탈혼,85
978,럭키언럭키,"52,485"
979,먹이,"99,999+"
980,함부로 대해줘,"25,616"
981,EVE,18
982,동네몬스터,"16,378"
983,소녀 해미,"10,396"
984,XXX,좋아요
985,블랙 위도우,428
986,완벽한 가족,"61,876"
987,환상의 용,925
988,도깨비 고개,141
989,구주의 시간,"10,253"
990,하울링,10
991,유미의 세포들 외전 : 프로 직장인,920
992,욕망일기,"6,114"
993,구름이 피워낸 꽃,"99,999+"
994,산신의 주인입니다,4
995,언메이크,"19,313"
996,샹치,75
997,롤랑롤랑,"99,999+"
998,밤하늘에 구름운,"44,654"
999,모죠의 일지,"99,999+"
1000,나라 구한 전생,4
1001,수상한 비밀상담부,"31,666"
1002,닥터 프로스트 시즌 3~4,"96,191"
1003,AI가 세상을 지배한다면,"17,259"
1004,약초마을 연쇄살초사건,241
1005,롭플롭,34
1006,우투리,11
1007,원수를 사랑하라,"99,999+"
1008,단편.zip,"12,005"
1009,웰캄투실버라이프,"47,216"
1010,엑스트라 데이즈,10
1011,노곤하개,"99,999+"
1012,평행도시,"59,756"
1013,야수의 날,9
1014,용감한 시민,18
1015,압락사스,"27,611"
1016,유일무이 로맨스,"99,999+"
1017,D.P 개의날,38
1018,인문학적 감수성,"1,592"
1019,신선비,"33,039"
1020,길티액스,152
1021,화이트 블러드,"99,999+"
1022,남자주인공의 여자사람친구입니다,"64,888"
1023,비밀상자,12
1024,크라임 퍼즐,11
1025,마스코마스코,9
1026,조선홍보대행사 조대박,"16,512"
1027,헤어진 다음날,8
1028,강남도깨비,"72,278"
1029,영앤리치가 아니야!,288
1030,트로이 목마,9
1031,저승사자 출입금지,"24,756"
1032,광장,"44,888"
1033,위험한 신입사원,"44,329"
1034,구원자 요즘 뭐해요,7
1035,닥터앤닥터 육아일기,"55,061"
1036,율리,"1,536"
1037,기억흔적,"22,782"
1038,집사레인저,"40,497"
1039,수영만화일기,831
1040,이터널스,136
1041,방과후 선녀,"1,649"
1042,"2021 최애캐 안녕, 잘 지내니?","1,067"
1043,호시탐탐,857
1044,파이게임,"56,001"
1045,분당구의 용사 지망생,1
1046,아이레,"15,064"
1047,악인,"1,277"
1048,연애는 전쟁!,665
1049,헬프미,"1,119"
1050,군주,"1,019"
1051,"선배, 그 립스틱 바르지 마요","2,293"
1052,리프로듀싱,2
1053,오피스 누나 이야기,"27,351"
1054,선의의 경쟁,"99,697"
1055,살아간다,283
1056,삼매경,"1,529"
1057,트리니티 원더,20
1058,오늘의 순정망화,"99,999+"
1059,진짜 정말 맹세코 좋아해,"32,530"
1060,후아유!,"39,708"
1061,잉여특공대,"70,374"
1062,모기전쟁,29
1063,"찬란하지 않아도 괜찮아, 새벽",539
1064,썸내일,829
1065,걸어서 30분,"99,999+"
1066,손 잡아 볼래?,"5,458"
1067,바스키,2
1068,홀더,1
1069,갤러리L : 당신의 기억을 보관해드립니다,3
1070,여고생 임연수,8
1071,스파이더맨 단편선,245
1072,천도,"14,457"
1073,하루의 하루,604
1074,38의 살인,10
1075,안드로이드는 혈이 없어,2
1076,새벽 두 시의 신데렐라,"83,995"
1077,급식아빠,"7,542"
1078,내 룸메이트는 마네킹,568
1079,로그아웃,"35,023"
1080,지옥급식,"2,630"
1081,호수의 인어,414
1082,나만 보여!,"4,645"
1083,라서드,886
1084,내 몸을 부탁해,4
1085,성인초딩,"21,039"
1086,무능빌런,46
1087,비인간,481
1088,시에라,599
1089,이탄국의 자청비,"1,483"
1090,드로잉 레시피,"18,426"
1091,착한건 돈이된다,750
1092,3cm 헌터,"58,465"
1093,변방의 외노자,234
1094,가슴털 로망스,"54,594"
1095,빨리감기,"1,454"
1096,라나,1
1097,소녀행,3
1098,보에,4
1099,지원이들,214
1100,안식의 밤,"17,220"
1101,달콤살벌한 부부,"78,085"
1102,속보입니다,"41,173"
1103,매지컬 메디컬,"8,016"
1104,맥시멈퓨리,5
1105,잔인한 축제,12
1106,달빛세면소,3
1107,자판귀,"99,999+"
1108,빌드업,"51,325"
1109,겟라이프,"29,734"
1110,트리거,897
1111,평행우주,7
1112,W : 너와 나의 세계,9
1113,오파츠,"29,817"
1114,스캔들,"23,611"
1115,시효완성,"2,554"
1116,피와 나비,"99,999+"
1117,보살님이 캐리해!,"1,519"
1118,용돈이 계속 늘어!,8
1119,행운소년소녀,2
1120,탈영일지,236
1121,강림전기 개정기,724
1122,2022 서브병에 빠지다!,476
1123,인간대전,50
1124,후작님을 녹이는 방법,8
1125,빌런투킬,"1,848"
1126,살아남은 로맨스,"6,118"
1127,장난감,370
1128,불어오는 밤,1
1129,배틀트레인,좋아요
1130,인간졸업,"9,117"
1131,내게 필요한 NO맨스,"18,482"
1132,바로 보지 않는,370
1133,파이어스,2
1134,캐슬,"99,999+"
1135,가짜인간,320
1136,그 해 우리는 - 초여름이 좋아!,"1,486"
1137,열렙전사,"99,999+"
1138,이중첩자,"22,480"
1139,피차일반,10
1140,여주실격!,"99,999+"
1141,온새미로,"56,971"
1142,어차피 남편은!,"1,680"
1143,오늘의 컨셉,61
1144,나이트런,"99,999+"
1145,좀비딸,"99,999+"
1146,와이키키 뱀파이어,"52,055"
1147,채수연,5
1148,밤낚시,393
1149,묵시의 인플루언서,"1,318"
1150,루커피쳐,"2,783"
1151,꽃 피우는 남자,"1,730"
1152,감자마을,"2,916"
1153,세기말 풋사과 보습학원,"10,783"
1154,중독연구소,"19,153"
1155,재난소년,101
1156,불편한 관계,"1,488"
1157,야만의 시대,320
1158,소극적 인간,298
1159,쌈빡,547
1160,화가 살리에르,460
1161,겟백,"99,999+"
1162,"그 개, 만두",959
1163,신비,"99,999+"
1164,스퍼맨4 : 전하지 못한 이야기,801
1165,개밥 먹는 남자,"1,441"
1166,아는 여자애,"99,999+"
1167,아이리스,5
1168,그녀석 정복기,752
1169,사람의 조각,"1,389"
1170,피라미드 게임,"75,628"
1171,팔이피플,"1,981"
1172,오만상과 편견,3
1173,고등단편.zip,349
1174,칼부림,"50,338"
1175,어느날 네가 떠올라!,287
1176,오늘부터 천생연분,"1,673"
1177,어글리후드,"99,999+"
1178,불순물,179
1179,푸른불꽃,319
1180,평범한 8반,"99,999+"
1181,오징어도 사랑이 되나요?,"1,199"
1182,버그: 스티그마,"34,226"
1183,홍대 바이브,195
1184,벚꽃이 흩날릴 무렵,"8,267"
1185,마지막 지수,"1,900"
1186,블러드레인2: 천외천,7
1187,소년의 기록,193
1188,화사 홍천기,1
1189,정년이,"99,999+"
1190,오늘 밤만 재워줘,"2,773"
1191,마루한 - 구현동화전,"99,999+"
1192,길고양이 행진,40
1193,이상형은 아닙니다,792
1194,유리와 유리와 유리,"1,227"
1195,평범한 낙원,306
1196,웰컴 온보드,298
1197,귀곡의 문,"99,999+"
1198,관종교장,564
1199,기기괴괴,"99,999+"
